{
  "IcoMoonType": "selection",
  "icons": [
    {
      "icon": {
        "paths": [
          "M658.286 475.429c0-141.143-114.857-256-256-256s-256 114.857-256 256 114.857 256 256 256 256-114.857 256-256zM950.857 950.857c0 40-33.143 73.143-73.143 73.143-19.429 0-38.286-8-51.429-21.714l-196-195.429c-66.857 46.286-146.857 70.857-228 70.857-222.286 0-402.286-180-402.286-402.286s180-402.286 402.286-402.286 402.286 180 402.286 402.286c0 81.143-24.571 161.143-70.857 228l196 196c13.143 13.143 21.143 32 21.143 51.429z"
        ],
        "width": 950.8571428571428,
        "attrs": [],
        "isMulticolor": false,
        "isMulticolor2": false,
        "tags": [
          "search"
        ],
        "defaultCode": 61442,
        "grid": 14
      },
      "attrs": [],
      "properties": {
        "name": "search",
        "id": 6,
        "order": 9,
        "prevSize": 28,
        "code": 61442
      },
      "setIdx": 0,
      "setId": 3,
      "iconIdx": 6
    },
    {
      "icon": {
        "paths": [
          "M731.429 799.429c0 83.429-54.857 151.429-121.714 151.429h-488c-66.857 0-121.714-68-121.714-151.429 0-150.286 37.143-324 186.857-324 46.286 45.143 109.143 73.143 178.857 73.143s132.571-28 178.857-73.143c149.714 0 186.857 173.714 186.857 324zM585.143 292.571c0 121.143-98.286 219.429-219.429 219.429s-219.429-98.286-219.429-219.429 98.286-219.429 219.429-219.429 219.429 98.286 219.429 219.429z"
        ],
        "width": 731.4285714285713,
        "attrs": [],
        "isMulticolor": false,
        "isMulticolor2": false,
        "tags": [
          "user"
        ],
        "defaultCode": 61447,
        "grid": 14
      },
      "attrs": [],
      "properties": {
        "name": "user",
        "id": 11,
        "order": 7,
        "prevSize": 28,
        "code": 61447
      },
      "setIdx": 0,
      "setId": 3,
      "iconIdx": 11
    },
    {
      "icon": {
        "paths": [
          "M219.429 914.286v-73.143c0-20-16.571-36.571-36.571-36.571h-73.143c-20 0-36.571 16.571-36.571 36.571v73.143c0 20 16.571 36.571 36.571 36.571h73.143c20 0 36.571-16.571 36.571-36.571zM219.429 694.857v-73.143c0-20-16.571-36.571-36.571-36.571h-73.143c-20 0-36.571 16.571-36.571 36.571v73.143c0 20 16.571 36.571 36.571 36.571h73.143c20 0 36.571-16.571 36.571-36.571zM219.429 475.429v-73.143c0-20-16.571-36.571-36.571-36.571h-73.143c-20 0-36.571 16.571-36.571 36.571v73.143c0 20 16.571 36.571 36.571 36.571h73.143c20 0 36.571-16.571 36.571-36.571zM804.571 914.286v-292.571c0-20-16.571-36.571-36.571-36.571h-438.857c-20 0-36.571 16.571-36.571 36.571v292.571c0 20 16.571 36.571 36.571 36.571h438.857c20 0 36.571-16.571 36.571-36.571zM219.429 256v-73.143c0-20-16.571-36.571-36.571-36.571h-73.143c-20 0-36.571 16.571-36.571 36.571v73.143c0 20 16.571 36.571 36.571 36.571h73.143c20 0 36.571-16.571 36.571-36.571zM1024 914.286v-73.143c0-20-16.571-36.571-36.571-36.571h-73.143c-20 0-36.571 16.571-36.571 36.571v73.143c0 20 16.571 36.571 36.571 36.571h73.143c20 0 36.571-16.571 36.571-36.571zM804.571 475.429v-292.571c0-20-16.571-36.571-36.571-36.571h-438.857c-20 0-36.571 16.571-36.571 36.571v292.571c0 20 16.571 36.571 36.571 36.571h438.857c20 0 36.571-16.571 36.571-36.571zM1024 694.857v-73.143c0-20-16.571-36.571-36.571-36.571h-73.143c-20 0-36.571 16.571-36.571 36.571v73.143c0 20 16.571 36.571 36.571 36.571h73.143c20 0 36.571-16.571 36.571-36.571zM1024 475.429v-73.143c0-20-16.571-36.571-36.571-36.571h-73.143c-20 0-36.571 16.571-36.571 36.571v73.143c0 20 16.571 36.571 36.571 36.571h73.143c20 0 36.571-16.571 36.571-36.571zM1024 256v-73.143c0-20-16.571-36.571-36.571-36.571h-73.143c-20 0-36.571 16.571-36.571 36.571v73.143c0 20 16.571 36.571 36.571 36.571h73.143c20 0 36.571-16.571 36.571-36.571zM1097.143 164.571v768c0 50.286-41.143 91.429-91.429 91.429h-914.286c-50.286 0-91.429-41.143-91.429-91.429v-768c0-50.286 41.143-91.429 91.429-91.429h914.286c50.286 0 91.429 41.143 91.429 91.429z"
        ],
        "width": 1097.142857142857,
        "attrs": [],
        "isMulticolor": false,
        "isMulticolor2": false,
        "tags": [
          "film"
        ],
        "defaultCode": 61448,
        "grid": 14
      },
      "attrs": [],
      "properties": {
        "name": "film",
        "id": 12,
        "order": 12,
        "prevSize": 28,
        "code": 61448
      },
      "setIdx": 0,
      "setId": 3,
      "iconIdx": 12
    },
    {
      "icon": {
        "paths": [
          "M961.714 461.714l-424 423.429c-14.286 14.286-37.143 14.286-51.429 0l-424-423.429c-14.286-14.286-14.286-37.714 0-52l94.857-94.286c14.286-14.286 37.143-14.286 51.429 0l303.429 303.429 303.429-303.429c14.286-14.286 37.143-14.286 51.429 0l94.857 94.286c14.286 14.286 14.286 37.714 0 52z"
        ],
        "width": 1024,
        "attrs": [],
        "isMulticolor": false,
        "isMulticolor2": false,
        "tags": [
          "chevron-down"
        ],
        "defaultCode": 61560,
        "grid": 14
      },
      "attrs": [],
      "properties": {
        "name": "chevron-down",
        "id": 114,
        "order": 13,
        "prevSize": 28,
        "code": 61560
      },
      "setIdx": 0,
      "setId": 3,
      "iconIdx": 114
    },
    {
      "icon": {
        "paths": [
          "M365.714 822.857c0 16 7.429 54.857-18.286 54.857h-182.857c-90.857 0-164.571-73.714-164.571-164.571v-402.286c0-90.857 73.714-164.571 164.571-164.571h182.857c9.714 0 18.286 8.571 18.286 18.286 0 16 7.429 54.857-18.286 54.857h-182.857c-50.286 0-91.429 41.143-91.429 91.429v402.286c0 50.286 41.143 91.429 91.429 91.429h164.571c14.286 0 36.571-2.857 36.571 18.286zM896 512c0 9.714-4 18.857-10.857 25.714l-310.857 310.857c-6.857 6.857-16 10.857-25.714 10.857-20 0-36.571-16.571-36.571-36.571v-164.571h-256c-20 0-36.571-16.571-36.571-36.571v-219.429c0-20 16.571-36.571 36.571-36.571h256v-164.571c0-20 16.571-36.571 36.571-36.571 9.714 0 18.857 4 25.714 10.857l310.857 310.857c6.857 6.857 10.857 16 10.857 25.714z"
        ],
        "width": 896,
        "attrs": [],
        "isMulticolor": false,
        "isMulticolor2": false,
        "tags": [
          "sign-out"
        ],
        "defaultCode": 61579,
        "grid": 14
      },
      "attrs": [],
      "properties": {
        "name": "sign-out",
        "id": 132,
        "order": 11,
        "prevSize": 28,
        "code": 61579
      },
      "setIdx": 0,
      "setId": 3,
      "iconIdx": 132
    },
    {
      "icon": {
        "paths": [
          "M614.286 420.571c0 4.571-2.286 9.714-5.714 13.143l-266.286 266.286c-3.429 3.429-8.571 5.714-13.143 5.714s-9.714-2.286-13.143-5.714l-266.286-266.286c-3.429-3.429-5.714-8.571-5.714-13.143s2.286-9.714 5.714-13.143l28.571-28.571c3.429-3.429 8-5.714 13.143-5.714 4.571 0 9.714 2.286 13.143 5.714l224.571 224.571 224.571-224.571c3.429-3.429 8.571-5.714 13.143-5.714s9.714 2.286 13.143 5.714l28.571 28.571c3.429 3.429 5.714 8.571 5.714 13.143z"
        ],
        "width": 658.2857142857142,
        "attrs": [],
        "isMulticolor": false,
        "isMulticolor2": false,
        "tags": [
          "angle-down"
        ],
        "defaultCode": 61703,
        "grid": 14
      },
      "attrs": [],
      "properties": {
        "name": "angle-down",
        "id": 236,
        "order": 14,
        "prevSize": 28,
        "code": 61703
      },
      "setIdx": 0,
      "setId": 3,